{"cameraMode":{"drawMode":0,"name":"Shaded","section":"Shading Mode"},"sceneLighting":false,"audioPlay":false,"sceneViewState":{"showFog":false,"showMaterialUpdate":false,"showSkybox":true,"showFlares":false,"showImageEffects":true,"showParticleSystems":true},"in2DMode":false,"pivot":{"x":12.07732105255127,"y":4.412949562072754,"z":11.107608795166016},"rotation":{"x":-0.13785679638385774,"y":-0.6955340504646301,"z":0.13868692517280579,"w":-0.691370964050293},"size":68.21621704101563,"orthographic":false}