{"cameraMode":{"drawMode":0,"name":"Shaded","section":"Shading Mode"},"sceneLighting":false,"audioPlay":false,"sceneViewState":{"showFog":false,"showMaterialUpdate":false,"showSkybox":true,"showFlares":false,"showImageEffects":true,"showParticleSystems":true},"in2DMode":false,"pivot":{"x":13.78648853302002,"y":4.51439094543457,"z":18.039966583251954},"rotation":{"x":0.3665016293525696,"y":-0.017857003957033159,"z":0.007035079877823591,"w":0.9302194714546204},"size":9.604690551757813,"orthographic":false}